date,sales,sales_log
2013-01-01,0.0,0.0000000000
2013-01-02,7417.148,8.9116847093
2013-01-03,5873.244001,8.6783326501
2013-01-04,5919.879001,8.6862401968
2013-01-05,6318.7850100000005,8.7514404692
2013-01-06,2199.087,7.6962521840
2013-01-07,6150.924,8.7245201574
2013-01-08,5597.181,8.6301970025
2013-01-09,6808.57899,8.8260855749
2013-01-10,4757.715,8.4677329528
2013-01-11,5494.01598,8.6115967749
2013-01-12,5467.78298,8.6068113807
2013-01-13,2693.878004,7.8991082148
2013-01-14,5651.68501,8.6398859343
2013-01-15,5204.174,8.5574084099
2013-01-16,6733.596002,8.8150131022
2013-01-17,4942.474,8.5058236019
2013-01-18,5923.124001,8.6867881071
2013-01-19,5895.146,8.6820541961
2013-01-20,2371.133995,7.7715452488
2013-01-21,5227.60202,8.5618992211
2013-01-22,5298.986,8.5754594580
2013-01-23,6259.346,8.7419907341
2013-01-24,4861.523999999999,8.4893129236
2013-01-25,5577.701,8.6267112326
2013-01-26,5290.32701,8.5738243459
2013-01-27,2439.378,7.7999082243
2013-01-28,4976.808,8.5127449125
2013-01-29,4681.5110005,8.4515897836
2013-01-30,6118.887,8.7192989113
2013-01-31,4712.577,8.4582023468
2013-02-01,5782.7789999999995,8.6628125543
2013-02-02,5706.91901,8.6496097896
2013-02-03,2267.983,7.7270869925
2013-02-04,5574.041,8.6260549506
2013-02-05,5080.786,8.5334180536
2013-02-06,6107.432001,8.7174253909
2013-02-07,4452.242995,8.4013878727
2013-02-08,5593.812,8.6295950188
2013-02-09,4435.572,8.3976372852
2013-02-10,1199.135,7.0901893294
2013-02-11,1344.749998,7.2047067560
2013-02-12,1852.01501,7.5245693266
2013-02-13,6121.725,8.7197625378
2013-02-14,4999.187999,8.5172307905
2013-02-15,5387.78798,8.5920757741
2013-02-16,5625.385,8.6352224190
2013-02-17,1747.08101,7.4662738995
2013-02-18,5343.77902,8.5838754793
2013-02-19,5229.718,8.5623038325
2013-02-20,6024.07,8.7036843765
2013-02-21,5325.731,8.5804930082
2013-02-22,5781.510002,8.6625931238
2013-02-23,5426.989018,8.5993239977
2013-02-24,2295.712,7.7392338139
2013-02-25,5333.274984,8.5819082565
2013-02-26,4710.27898,8.4577146958
2013-02-27,6054.942997,8.7087953824
2013-02-28,5009.69201,8.5193293103
2013-03-01,5940.556,8.6897263309
2013-03-02,5817.466999,8.6687921038
2013-03-03,2436.8269999999998,7.7988623477
2013-03-04,6094.491999,8.7153047604
2013-03-05,4968.63401,8.5111014765
2013-03-06,6845.5380000000005,8.8314984020
2013-03-07,5199.071,8.5564275583
2013-03-08,6010.675998,8.7014588569
2013-03-09,5665.511,8.6423288634
2013-03-10,2601.404,7.8641909122
2013-03-11,5504.89798,8.6135751567
2013-03-12,4965.085,8.5103870823
2013-03-13,6077.7760100000005,8.7125586405
2013-03-14,4557.174,8.4246773837
2013-03-15,5638.478,8.6375467870
2013-03-16,5799.479,8.6656957793
2013-03-17,2258.610998,7.7229479527
2013-03-18,5161.345,8.5491462126
2013-03-19,4942.25201,8.5057786952
2013-03-20,6195.9220000000005,8.7318079961
2013-03-21,5097.209,8.5366445806
2013-03-22,5795.069,8.6649352081
2013-03-23,5518.5960000000005,8.6160599482
2013-03-24,2056.88,7.6294316057
2013-03-25,5233.41299,8.5630099852
2013-03-26,4812.276,8.4791332124
2013-03-27,6387.455,8.7622477341
2013-03-28,5686.706,8.6460622824
2013-03-29,2001.729,7.6022660295
2013-03-30,4353.33,8.3789260313
2013-03-31,2042.369,7.6223551952
2013-04-01,6144.881,8.7235373803
2013-04-02,5774.184999,8.6613255693
2013-04-03,7074.953,8.8644574131
2013-04-04,4896.498,8.4964797414
2013-04-05,6304.927,8.7492452638
2013-04-06,5594.088,8.6296443490
2013-04-07,2363.7399995,7.7684233581
2013-04-08,5378.179999999999,8.5902912252
2013-04-09,4803.334964,8.4772739068
2013-04-10,6835.487,8.8300292822
2013-04-11,4701.459,8.4558408424
2013-04-12,6212.33,8.7344522631
2013-04-13,5493.952,8.6115851316
2013-04-14,2209.921008,7.7011644534
2013-04-15,5462.558,8.6058555049
2013-04-16,5367.81,8.5883615615
2013-04-17,6207.2429999999995,8.7336332041
2013-04-18,5004.652996,8.5183231520
2013-04-19,5339.899,8.5831492698
2013-04-20,5759.571,8.6587918807
2013-04-21,2449.2799999999997,7.8039575827
2013-04-22,5504.771,8.6135520938
2013-04-23,5085.243,8.5342947231
2013-04-24,7112.197,8.8697070701
2013-04-25,4722.563002,8.4603186671
2013-04-26,6316.556,8.7510877035
2013-04-27,5334.13899,8.5820702159
2013-04-28,2427.34,7.7949631753
2013-04-29,4488.657,8.4095315858
2013-04-30,5478.078,8.6086921176
2013-05-01,2677.930005,7.8931727419
2013-05-02,5648.427,8.6393094031
2013-05-03,7051.153003,8.8610882397
2013-05-04,5797.93698,8.6654299004
2013-05-05,2723.904,7.9101884771
2013-05-06,5813.939,8.6681855748
2013-05-07,5586.959,8.6283693832
2013-05-08,6351.424000999999,8.7565917515
2013-05-09,5049.362,8.5272152029
2013-05-10,6135.394,8.7219925522
2013-05-11,6289.375,8.7467759664
2013-05-12,1904.5529999999999,7.5525275341
2013-05-13,5637.614,8.6373935696
2013-05-14,5528.375005,8.6178300691
2013-05-15,5901.738,8.6831715900
2013-05-16,5459.329,8.6052643233
2013-05-17,6021.054,8.7031836761
2013-05-18,5681.288,8.6451092475
2013-05-19,2037.13201,7.6197889860
2013-05-20,5221.561,8.5607431736
2013-05-21,4932.974,8.5039000275
2013-05-22,5896.853,8.6823436654
2013-05-23,5426.115,8.5991629642
2013-05-24,2195.219,7.6944925244
2013-05-25,4255.778004,8.3562678160
2013-05-26,1621.783,7.3918978556
2013-05-27,5194.109,8.5554728850
2013-05-28,5133.556996,8.5437488472
2013-05-29,6685.573,8.8078567648
2013-05-30,4949.255,8.5071943694
2013-05-31,6155.988,8.7253429759
2013-06-01,6180.505,8.7293170483
2013-06-02,1729.6100000000001,7.4562292265
2013-06-03,6302.145,8.7488039942
2013-06-04,5893.591,8.6817904297
2013-06-05,7261.88,8.8905317234
2013-06-06,5565.632001,8.6245454824
2013-06-07,6704.611,8.8106999176
2013-06-08,5537.825,8.6195376634
2013-06-09,2331.649,7.7547598106
2013-06-10,5703.609,8.6490297236
2013-06-11,5368.142,8.5884233982
2013-06-12,6200.09799,8.7324816505
2013-06-13,4737.133,8.4633984552
2013-06-14,6056.953,8.7091272332
2013-06-15,5452.68601,8.6040469912
2013-06-16,1983.074,7.5929075855
2013-06-17,5964.64102,8.6937717923
2013-06-18,5096.6050000000005,8.5365261006
2013-06-19,6747.888002,8.8171330299
2013-06-20,4725.838,8.4610117590
2013-06-21,5608.436,8.6322054587
2013-06-22,5257.657,8.5676309499
2013-06-23,2207.966,7.7002798117
2013-06-24,5225.463,8.5614900376
2013-06-25,5698.107,8.6480647749
2013-06-26,5962.694,8.6934453667
2013-06-27,4822.808,8.4813189366
2013-06-28,6044.440996,8.7070597126
2013-06-29,5525.23898,8.6172627510
2013-06-30,2154.501,7.6757784581
2013-07-01,5837.525,8.6722334754
2013-07-02,5787.7119999999995,8.6636650933
2013-07-03,6671.413,8.8057368426
2013-07-04,5126.38599,8.5423512547
2013-07-05,5998.664,8.6994587466
2013-07-06,5157.274,8.5483573064
2013-07-07,2257.248003,7.7223445717
2013-07-08,5785.948999,8.6633604885
2013-07-09,5276.898,8.5712831914
2013-07-10,6142.587998999999,8.7231642151
2013-07-11,4929.228,8.5031405134
2013-07-12,5600.981,8.6308755642
2013-07-13,5136.321001,8.5442870165
2013-07-14,1841.979,7.5191385631
2013-07-15,5314.50201,8.5783827379
2013-07-16,5756.529,8.6582636686
2013-07-17,5843.33001,8.6732272412
2013-07-18,4763.806,8.4690121017
2013-07-19,6212.646,8.7345031202
2013-07-20,5084.118001,8.5340735139
2013-07-21,1905.67,7.5531135440
2013-07-22,5047.601,8.5268664542
2013-07-23,5644.173,8.6385561227
2013-07-24,5855.491,8.6753058978
2013-07-25,5112.657,8.5396700828
2013-07-26,5635.064,8.6369412285
2013-07-27,5003.337001,8.5180602156
2013-07-28,1795.154,7.4934029913
2013-07-29,5769.125,8.6604490230
2013-07-30,4467.499,8.4048078370
2013-07-31,5996.349999999999,8.6990729840
2013-08-01,6136.8730000000005,8.7222335442
2013-08-02,5517.759,8.6159082952
2013-08-03,5394.977,8.5934089549
2013-08-04,1837.975005,7.5169636329
2013-08-05,5594.295,8.6296813450
2013-08-06,5130.626,8.5431778470
2013-08-07,5952.391,8.6917162522
2013-08-08,4739.294,8.4638544381
2013-08-09,5630.461,8.6361241901
2013-08-10,3537.348996,8.1714155120
2013-08-11,1862.6440003,7.5302889900
2013-08-12,5528.931,8.6179306170
2013-08-13,4613.631,8.4369871871
2013-08-14,5701.057,8.6485822659
2013-08-15,4974.404,8.5122618523
2013-08-16,5719.50098,8.6518116645
2013-08-17,4919.993996,8.5012658208
2013-08-18,1843.3600000000001,7.5198876128
2013-08-19,5127.269,8.5425234543
2013-08-20,4658.069996,8.4465711355
2013-08-21,5531.862,8.6184605013
2013-08-22,4568.639,8.4271894873
2013-08-23,5678.172998,8.6445609022
2013-08-24,4615.946,8.4374887265
2013-08-25,2079.300996,7.6402678718
2013-08-26,5323.87,8.5801435771
2013-08-27,5163.91099,8.5496431481
2013-08-28,5864.235,8.6767978285
2013-08-29,4654.188,8.4457375756
2013-08-30,5969.395,8.6945683684
2013-08-31,5312.932,8.5780873299
2013-09-01,2604.8160000000003,7.8655011489
2013-09-02,5619.513,8.6341782199
2013-09-03,5457.1720000000005,8.6048692141
2013-09-04,6430.77699,8.7690061383
2013-09-05,5171.70902,8.5511518187
2013-09-06,6155.6130299999995,8.7252820725
2013-09-07,5474.835,8.6081000545
2013-09-08,2208.753004,7.7006360254
2013-09-09,5344.079000000001,8.5839316035
2013-09-10,4829.3150000000005,8.4826669619
2013-09-11,6098.9039999999995,8.7160283123
2013-09-12,5374.129,8.5895378527
2013-09-13,5906.79599,8.6840281119
2013-09-14,5351.597,8.5853371427
2013-09-15,2554.649004,7.8460614837
2013-09-16,6000.15899,8.6997078946
2013-09-17,5010.839,8.5195581926
2013-09-18,5642.8009999999995,8.6383130537
2013-09-19,5064.11799,8.5301327116
2013-09-20,5621.10698,8.6344617801
2013-09-21,5573.482,8.6259546772
2013-09-22,2216.21,7.7040049277
2013-09-23,5487.169,8.6103499634
2013-09-24,5622.482002,8.6347063243
2013-09-25,6198.481,8.7322208579
2013-09-26,5245.918,8.5653961356
2013-09-27,6130.22,8.7211490303
2013-09-28,5268.831,8.5697535727
2013-09-29,2694.199,7.8992273211
2013-09-30,5716.80702,8.6513406227
2013-10-01,6542.956,8.7862971545
2013-10-02,7378.66,8.9064828461
2013-10-03,5434.25602,8.6006619042
2013-10-04,6844.98,8.8314168977
2013-10-05,5555.94802,8.6228043193
2013-10-06,2523.411,7.8337630472
2013-10-07,5765.59299,8.6598367154
2013-10-08,5732.352,8.6540556299
2013-10-09,6104.3669899999995,8.7169234978
2013-10-10,5369.694,8.5887124157
2013-10-11,4216.15304,8.3469155443
2013-10-12,4028.236,8.3013320588
2013-10-13,2329.071,7.7536540182
2013-10-14,5285.17,8.5728492551
2013-10-15,5423.21,8.5986275457
2013-10-16,6121.037,8.7196501633
2013-10-17,5657.76498,8.6409609460
2013-10-18,6565.253,8.7896986291
2013-10-19,5723.31102,8.6524774753
2013-10-20,2550.309995,7.8443622298
2013-10-21,5879.459,8.6793900991
2013-10-22,5429.208,8.5997327179
2013-10-23,6429.41099,8.7687937328
2013-10-24,4811.803004,8.4790349385
2013-10-25,6262.030001,8.7424193727
2013-10-26,5558.935,8.6233416965
2013-10-27,2676.07501,7.8924800633
2013-10-28,5494.163,8.6116235297
2013-10-29,5739.276,8.6552625718
2013-10-30,5845.980006,8.6736805686
2013-10-31,5137.648,8.5445452888
2013-11-01,7045.107,8.8602305447
2013-11-02,5140.715,8.5451419604
2013-11-03,2613.706001,7.8689069423
2013-11-04,5930.201,8.6879820010
2013-11-05,6376.740004,8.7605690822
2013-11-06,6596.109,8.7943868017
2013-11-07,5574.360001,8.6261121684
2013-11-08,7560.1759999999995,8.9307820126
2013-11-09,5711.29,8.6503752730
2013-11-10,2787.438,7.9332368614
2013-11-11,5828.91598,8.6707578676
2013-11-12,5235.32,8.5633742405
2013-11-13,7397.795,8.9090724281
2013-11-14,5834.099,8.6716465112
2013-11-15,6829.481,8.8291503747
2013-11-16,5812.263,8.6678973101
2013-11-17,2389.143,7.7791084758
2013-11-18,6396.04003,8.7635906671
2013-11-19,6475.073999,8.7758697414
2013-11-20,7099.558,8.8679286515
2013-11-21,5481.0779999999995,8.6092395051
2013-11-22,6937.855,8.8448920543
2013-11-23,5538.412,8.6196436369
2013-11-24,2329.674003,7.7539127764
2013-11-25,6508.036,8.7809466444
2013-11-26,5917.107,8.6857719132
2013-11-27,6767.215,8.8199926679
2013-11-28,5409.573,8.5961102812
2013-11-29,6520.255,8.7828221211
2013-11-30,6046.876,8.7074624150
2013-12-01,2846.616008,7.9542374348
2013-12-02,6691.943,8.8088089667
2013-12-03,6333.197996,8.7537184858
2013-12-04,9158.644999,9.1225627013
2013-12-05,5920.25,8.6863028542
2013-12-06,3094.035005,8.0375544952
2013-12-07,5387.647004,8.5920496127
2013-12-08,2435.633,7.7983724473
2013-12-09,6442.102,8.7707653801
2013-12-10,7488.41498,8.9212459667
2013-12-11,8486.091,9.0463015822
2013-12-12,7966.511,8.9831274269
2013-12-13,7629.721,8.9399376152
2013-12-14,7158.148,8.8761462585
2013-12-15,3157.155,8.0577432753
2013-12-16,7651.485999,8.9427858412
2013-12-17,6812.793000000001,8.8267042191
2013-12-18,9382.83803,9.1467441300
2013-12-19,7930.986,8.9786587246
2013-12-20,10906.77801,9.2972313926
2013-12-21,8320.063,9.0265452901
2013-12-22,5450.8460000000005,8.6037095459
2013-12-23,11476.883,9.3481772452
2013-12-24,8536.046,9.0521703253
2013-12-25,0.0,0.0000000000
2013-12-26,6151.595,8.7246292230
2013-12-27,7440.179,8.9147845830
2013-12-28,4532.439,8.4192360916
2013-12-29,1819.251996,7.5067302298
2013-12-30,5754.39498,8.6578929513
2013-12-31,4618.153,8.4379666339
2014-01-01,0.0,0.0000000000
2014-01-02,12034.864999,9.3956462213
2014-01-03,11700.4514,9.3674681644
2014-01-04,10863.582,9.2932634198
2014-01-05,4634.573,8.4415150950
2014-01-06,10766.978,9.2843320088
2014-01-07,9582.605008999999,9.1678091059
2014-01-08,13372.519,9.5010318367
2014-01-09,9817.64,9.1920378989
2014-01-10,10688.5596,9.2770228058
2014-01-11,10123.369896,9.2227006575
2014-01-12,4477.641,8.4070749312
2014-01-13,10587.845,9.2675563675
2014-01-14,9212.402,9.1284144422
2014-01-15,12945.315499999999,9.4685665093
2014-01-16,8728.828001,9.0745009466
2014-01-17,11014.48993,9.3070577367
2014-01-18,10084.039,9.2188083175
2014-01-19,4611.47,8.4365187843
2014-01-20,9262.298999999999,9.1338155277
2014-01-21,10658.405,9.2741978800
2014-01-22,12342.9955,9.4209250295
2014-01-23,9154.47502,9.1221073422
2014-01-24,11079.889104,9.3129772011
2014-01-25,8688.380995,9.0698569838
2014-01-26,4675.985,8.4504089505
2014-01-27,9643.89702,9.1741842482
2014-01-28,8987.657,9.1037187281
2014-01-29,12354.5677,9.4218620664
2014-01-30,8977.837,9.1026256429
2014-01-31,10591.1898,9.2678721972
2014-02-01,6642.345,8.8013708807
2014-02-02,2490.672988,7.8207096466
2014-02-03,6181.2740005000005,8.7294414440
2014-02-04,5704.709001,8.6492225317
2014-02-05,7413.17698,8.9111492545
2014-02-06,5684.777,8.6457230723
2014-02-07,6527.8828,8.7839911203
2014-02-08,6081.824998,8.7132245049
2014-02-09,2393.5139994,7.7809355662
2014-02-10,5819.104,8.6690734100
2014-02-11,6135.15099,8.7219529500
2014-02-12,7494.975996,8.9221216217
2014-02-13,5631.581,8.6363230530
2014-02-14,7060.89,8.8624680000
2014-02-15,6569.446,8.7903369935
2014-02-16,2770.94799,7.9273055975
2014-02-17,5684.369000000001,8.6456513117
2014-02-18,6545.479,8.7866826268
2014-02-19,6782.931,8.8223120064
2014-02-20,5634.373,8.6368186177
2014-02-21,6018.0306,8.7026814954
2014-02-22,6236.9529999999995,8.7384073627
2014-02-23,2334.053,7.7557898679
2014-02-24,6140.983,8.7229029332
2014-02-25,5916.78798,8.6857180060
2014-02-26,6044.604,8.7070866753
2014-02-27,4832.924,8.4834138392
2014-02-28,6684.7386,8.8077319696
2014-03-01,8303.31698,9.0245307766
2014-03-02,2341.381,7.7589232124
2014-03-03,2960.415,7.9934224736
2014-03-04,3861.036,8.2589497845
2014-03-05,13222.915,9.4897822118
2014-03-06,10616.615099999999,9.2702697027
2014-03-07,11837.09557,9.3790780484
2014-03-08,9916.469,9.2020530266
2014-03-09,5084.255,8.5341004547
2014-03-10,9983.393,9.2087784528
2014-03-11,9595.985,9.1692042656
2014-03-12,13517.5385,9.5118172446
2014-03-13,8686.63,9.0696554538
2014-03-14,10067.9343,9.2172101509
2014-03-15,9029.67,9.1083818408
2014-03-16,5416.576,8.5974037619
2014-03-17,10120.124,9.2223800039
2014-03-18,9722.976999999999,9.1823499702
2014-03-19,11942.6265,9.3879530678
2014-03-20,8595.955,9.0591633498
2014-03-21,10828.4631,9.2900257635
2014-03-22,10091.754,9.2195730196
2014-03-23,4504.294005,8.4130084298
2014-03-24,9187.036,9.1256574820
2014-03-25,9468.111,9.1557903064
2014-03-26,11996.316,9.3924382371
2014-03-27,8356.738,9.0309430953
2014-03-28,10277.430836,9.2378028849
2014-03-29,10258.32,9.2359418397
2014-03-30,4553.45799,8.4238618103
2014-03-31,9569.716002,9.1664632990
2014-04-01,7030.401,8.8581412537
2014-04-02,7734.189,8.9535351971
2014-04-03,5534.842001,8.6189989566
2014-04-04,7955.9678,8.9818032766
2014-04-05,6592.68202,8.7938671998
2014-04-06,3121.13,8.0462707402
2014-04-07,6745.32398,8.8167530400
2014-04-08,5399.66002,8.5942764510
2014-04-09,7089.189,8.8664672764
2014-04-10,5723.5229899999995,8.6525145044
2014-04-11,6603.9281,8.7955713312
2014-04-12,6133.685,8.7217140111
2014-04-13,2462.79199,7.8094569014
2014-04-14,5778.303,8.6620383662
2014-04-15,5928.375,8.6876740901
2014-04-16,7022.8,8.8570596611
2014-04-17,5588.881998,8.6287134564
2014-04-18,2998.201899,8.0061014986
2014-04-19,4332.51,8.3741331162
2014-04-20,2432.984004,7.7972847016
2014-04-21,6201.18003,8.7326561270
2014-04-22,5553.08,8.6222880718
2014-04-23,8424.759,9.0390488402
2014-04-24,5813.087,8.6680390449
2014-04-25,7112.4723,8.8697457721
2014-04-26,6384.50499,8.7617858554
2014-04-27,2369.78,7.7709742939
2014-04-28,5777.804,8.6619520198
2014-04-29,5882.332,8.6798785471
2014-04-30,7410.025009999999,8.9107240367
2014-05-01,2569.4809999999998,7.8518483199
2014-05-02,7872.43686,8.9712499500
2014-05-03,7047.21,8.8605289629
2014-05-04,2688.8559999999998,7.8972429396
2014-05-05,4868.707999,8.4907892551
2014-05-06,7284.11498,8.8935885016
2014-05-07,7393.54402,8.9084977127
2014-05-08,5546.6849999999995,8.6211360026
2014-05-09,7596.6694,8.9355968214
2014-05-10,7075.71698,8.8645653758
2014-05-11,2383.417004,7.7767099307
2014-05-12,6006.81502,8.7008164040
2014-05-13,6703.55,8.8105416794
2014-05-14,6556.992,8.7884397375
2014-05-15,5704.361,8.6491615381
2014-05-16,7313.1204,8.8975620602
2014-05-17,6081.558994,8.7131807736
2014-05-18,2589.567999,7.8596324353
2014-05-19,6796.845,8.8243609292
2014-05-20,6606.284984,8.7959281047
2014-05-21,6795.899,8.8242217577
2014-05-22,5706.399004,8.6495186829
2014-05-23,6328.5587000000005,8.7529857971
2014-05-24,6006.517,8.7007667974
2014-05-25,2395.622,7.7818155249
2014-05-26,6066.194001,8.7106515039
2014-05-27,4984.334999,8.5142558815
2014-05-28,6934.918,8.8444686960
2014-05-29,5247.004,8.5656030928
2014-05-30,8215.244200000001,9.0138684737
2014-05-31,6041.625995,8.7065939638
2014-06-01,2802.719,7.9387020292
2014-06-02,7120.854999,8.8709235040
2014-06-03,6652.41298,8.8028852321
2014-06-04,7473.020005,8.9191882867
2014-06-05,6036.6959990000005,8.7057777610
2014-06-06,7853.17813,8.9688009150
2014-06-07,6007.947001,8.7010048044
2014-06-08,2214.503996,7.7032351943
2014-06-09,6228.62,8.7370706147
2014-06-10,5886.0440100000005,8.6805092848
2014-06-11,7314.068,8.8976916094
2014-06-12,5485.53602,8.6100523736
2014-06-13,7256.3383,8.8897684153
2014-06-14,7185.759,8.8799955841
2014-06-15,1755.367,7.4710027501
2014-06-16,6469.287,8.7749757451
2014-06-17,5810.603,8.6676117154
2014-06-18,6563.048,8.7893627648
2014-06-19,5595.294,8.6298598719
2014-06-20,8202.7465,9.0123462192
2014-06-21,6671.712,8.8057816530
2014-06-22,2449.529,7.8040591986
2014-06-23,6320.216001,8.7516668739
2014-06-24,5659.71398,8.6413053081
2014-06-25,6971.182002,8.8496835110
2014-06-26,6012.036,8.7016850580
2014-06-27,8100.3635,8.9997876598
2014-06-28,6084.97498,8.7137422194
2014-06-29,2416.7680035,7.7906000810
2014-06-30,5970.379,8.6947331680
2014-07-01,9649.17298,9.1747311196
2014-07-02,14812.346,9.6032838102
2014-07-03,9593.2990002,9.1689243469
2014-07-04,11822.021,9.3778038421
2014-07-05,8368.502,9.0323496635
2014-07-06,4429.332996,8.3962300286
2014-07-07,10168.345014,9.2271330832
2014-07-08,9100.60298,9.1162058286
2014-07-09,12147.941,9.4049972845
2014-07-10,9155.299999,9.1221974458
2014-07-11,10780.602,9.2855964420
2014-07-12,9308.511999999999,9.1387919521
2014-07-13,4499.20999,8.4118793391
2014-07-14,9980.273,9.2084659163
2014-07-15,9225.376,9.1298216177
2014-07-16,11970.10502,9.3902511101
2014-07-17,8708.171,9.0721318874
2014-07-18,10811.153,9.2884260582
2014-07-19,9713.057999999999,9.1813293937
2014-07-20,3792.860001,8.2411392497
2014-07-21,10118.514004999999,9.2222209185
2014-07-22,9679.421001,9.1778606712
2014-07-23,11188.520009,9.3227329057
2014-07-24,8615.948,9.0614862406
2014-07-25,10000.73,9.2105133570
2014-07-26,8792.46503,9.0817641144
2014-07-27,3780.808,8.2379574811
2014-07-28,9018.717,9.1071682378
2014-07-29,9249.057,9.1323849926
2014-07-30,10970.33899,9.3030416051
2014-07-31,9305.559,9.1384746994
2014-08-01,7806.689,8.9628642964
2014-08-02,6057.59,8.7092323787
2014-08-03,2353.7219999999998,7.7641779528
2014-08-04,6894.018,8.8385544008
2014-08-05,6034.11,8.7053493604
2014-08-06,6307.939,8.7497227956
2014-08-07,5208.132,8.5581685182
2014-08-08,7653.309,8.9430240362
2014-08-09,5666.582999,8.6425180270
2014-08-10,2320.304,7.7498843757
2014-08-11,6019.558,8.7029352250
2014-08-12,5236.424,8.5635850534
2014-08-13,7177.144,8.8787961328
2014-08-14,5829.916001,8.6709293855
2014-08-15,6912.125999999999,8.8411772023
2014-08-16,5782.00302,8.6626783804
2014-08-17,2488.339,7.8197724924
2014-08-18,5838.877999,8.6724651850
2014-08-19,5242.299,8.5647061594
2014-08-20,6880.6880200000005,8.8366192526
2014-08-21,6034.2660000000005,8.7053752088
2014-08-22,6924.622,8.8429831465
2014-08-23,5699.918999,8.6483826687
2014-08-24,2299.636,7.7409408854
2014-08-25,5579.97,8.6271178754
2014-08-26,5542.154,8.6203189318
2014-08-27,6601.723,8.7952374187
2014-08-28,4860.695,8.4891424215
2014-08-29,7610.318998,8.9373917601
2014-08-30,6532.2300000000005,8.7846567401
2014-08-31,2912.434,7.9770877332
2014-09-01,10969.092,9.3029279397
2014-09-02,10751.012,9.2828481788
2014-09-03,12646.868,9.4452439424
2014-09-04,8847.568004,9.0880109175
2014-09-05,11518.21403,9.3517717054
2014-09-06,10191.576,9.2294148911
2014-09-07,4787.518,8.4739762480
2014-09-08,10839.942999,9.2910852637
2014-09-09,10222.208,9.2324157088
2014-09-10,12134.201,9.4038656817
2014-09-11,9783.738996,9.1885792056
2014-09-12,10121.306,9.2224967825
2014-09-13,9576.454,9.1671670736
2014-09-14,5032.4210005,8.5238551513
2014-09-15,9379.699,9.1464095595
2014-09-16,9769.906,9.1871644736
2014-09-17,12013.201995,9.3938447286
2014-09-18,8527.191,9.0511325430
2014-09-19,10086.329,9.2190353608
2014-09-20,10740.699999,9.2818886422
2014-09-21,4808.599001,8.4783689918
2014-09-22,8939.85,9.0983859419
2014-09-23,9219.73699,9.1292102472
2014-09-24,12576.187,9.4396398963
2014-09-25,9321.836001,9.1402221533
2014-09-26,9878.165996,9.1981833738
2014-09-27,10779.00199,9.2854480291
2014-09-28,4752.113,8.4665550508
2014-09-29,9997.416000000001,9.2101819594
2014-09-30,9332.828,9.1414004991
2014-10-01,14093.202,9.5535187861
2014-10-02,10415.538,9.2511500144
2014-10-03,12998.612017,9.4726747912
2014-10-04,11982.685,9.3913014204
2014-10-05,4996.582,8.5167094744
2014-10-06,9985.157,9.2089551129
2014-10-07,9149.682,9.1215836910
2014-10-08,12656.043,9.4459690981
2014-10-09,9144.302,9.1209955838
2014-10-10,5455.48,8.6045591722
2014-10-11,8605.298,9.0602495398
2014-10-12,4161.074,8.3337687867
2014-10-13,9958.743,9.2063065470
2014-10-14,10530.82402,9.2621568114
2014-10-15,12210.306499999999,9.4101175638
2014-10-16,9387.887,9.1472820348
2014-10-17,10479.597,9.2572809219
2014-10-18,11063.902,9.3115333957
2014-10-19,5440.934,8.6018897914
2014-10-20,9833.982,9.1937009006
2014-10-21,8768.161,9.0789964137
2014-10-22,12626.88498,9.4436627413
2014-10-23,8583.776996,9.0577457970
2014-10-24,10218.456004,9.2320486338
2014-10-25,9671.527005,9.1770448785
2014-10-26,5161.1,8.5490987524
2014-10-27,10133.547998,9.2237054598
2014-10-28,8414.216,9.0377967747
2014-10-29,12226.11198,9.4114110585
2014-10-30,9255.494999999999,9.1330807463
2014-10-31,11131.58,9.3176312233
2014-11-01,7928.994000000001,8.9784075580
2014-11-02,3242.056,8.0842713741
2014-11-03,4472.1199990000005,8.4058414305
2014-11-04,10387.528,9.2484573994
2014-11-05,14717.784,9.5968797802
2014-11-06,9689.043,9.1788541424
2014-11-07,10642.417997999999,9.2726969517
2014-11-08,10069.003,9.2173162836
2014-11-09,4750.965998000001,8.4663137057
2014-11-10,9189.821,9.1259605476
2014-11-11,9717.118,9.1817472573
2014-11-12,12185.867,9.4081141755
2014-11-13,9262.553009,9.1338429483
2014-11-14,9809.377,9.1911959820
2014-11-15,10471.291,9.2564880956
2014-11-16,5420.276,8.5980864911
2014-11-17,10206.562999,9.2308841950
2014-11-18,10905.223,9.2970888227
2014-11-19,12583.195,9.4401969405
2014-11-20,9345.748,9.1427837543
2014-11-21,10196.284996,9.2298767870
2014-11-22,10008.385,9.2112784319
2014-11-23,5028.03899,8.5229841892
2014-11-24,9546.543,9.1640391229
2014-11-25,9275.025995,9.1351885008
2014-11-26,13066.438001999999,9.4778787661
2014-11-27,8407.379011,9.0369839890
2014-11-28,10104.487,9.2208338226
2014-11-29,9693.379004,9.1793015124
2014-11-30,4868.091998,8.4906627506
2014-12-01,11009.652004,9.3066184472
2014-12-02,9985.882999,9.2090278108
2014-12-03,13598.77,9.5178081598
2014-12-04,10817.062,9.2889724236
2014-12-05,10996.84596,9.3054547108
2014-12-06,8846.294,9.0878669285
2014-12-07,4674.22,8.4500314994
2014-12-08,10686.636,9.2768428383
2014-12-09,10861.7821,9.2930977393
2014-12-10,15642.7368,9.6578259114
2014-12-11,11736.021999999999,9.3705033985
2014-12-12,10623.036,9.2708742603
2014-12-13,10683.493994999999,9.2765488101
2014-12-14,5008.342,8.5190598481
2014-12-15,11730.243999999999,9.3700109889
2014-12-16,12286.737998999999,9.4163571335
2014-12-17,13995.168,9.5465388568
2014-12-18,11976.336026,9.3907714785
2014-12-19,13083.348,9.4791719857
2014-12-20,12562.634,9.4385617294
2014-12-21,7662.177101,8.9441819419
2014-12-22,13743.307999999999,9.5283800538
2014-12-23,13523.496,9.5122578387
2014-12-24,12834.100999999999,9.4599389624
2014-12-25,0.0,0.0000000000
2014-12-26,9701.673,9.1801566935
2014-12-27,6548.209,8.7870995580
2014-12-28,2818.98,7.9444850717
2014-12-29,9580.585,9.1675983061
2014-12-30,11038.835000000001,9.3092653741
2014-12-31,10756.988,9.2834038274
2015-01-01,0.0,0.0000000000
2015-01-02,4797.803,8.4761217908
2015-01-03,5270.969,8.5701591960
2015-01-04,3035.146999,8.0183445560
2015-01-05,8494.916000000001,9.0473408564
2015-01-06,6931.214004,8.8439345223
2015-01-07,8341.813,9.0291557287
2015-01-08,6301.89,8.7487635374
2015-01-09,7622.522,8.9389937466
2015-01-10,7375.163,8.9060088637
2015-01-11,2930.321,7.9832084536
2015-01-12,7320.509,8.8985717333
2015-01-13,7260.772019999999,8.8903791579
2015-01-14,7455.8150000000005,8.9168836583
2015-01-15,5525.603,8.6173286201
2015-01-16,7622.985,8.9390544779
2015-01-17,7521.470998,8.9256499531
2015-01-18,2915.434,7.9781169161
2015-01-19,7185.957,8.8800231344
2015-01-20,6244.418000000001,8.7396033539
2015-01-21,7495.845,8.9222375444
2015-01-22,6531.595,8.7845595400
2015-01-23,7298.337,8.8955388011
2015-01-24,6537.567,8.7854733073
2015-01-25,2610.260998,7.8675885246
2015-01-26,6404.881,8.7649717537
2015-01-27,5989.554,8.6979391743
2015-01-28,7486.48202,8.9209878411
2015-01-29,6773.12702,8.8208657843
2015-01-30,8636.572002,9.0638768040
2015-01-31,7274.061,8.8922074769
2015-02-01,3249.462,8.0865524191
2015-02-02,7915.997,8.9767672462
2015-02-03,7162.597,8.8767675081
2015-02-04,7345.590999999999,8.9019916751
2015-02-05,5934.152986,8.6886480836
2015-02-06,7519.287,8.9253595811
2015-02-07,6761.33098,8.8191229291
2015-02-08,3035.288,8.0183909957
2015-02-09,6558.348980000001,8.7886466362
2015-02-10,6830.423,8.8292882764
2015-02-11,6718.368,8.8127493815
2015-02-12,6056.028,8.7089745297
2015-02-13,7323.950989,8.8990417429
2015-02-14,5419.901,8.5980173168
2015-02-15,1926.741,7.5641041300
2015-02-16,2053.522,7.6277984965
2015-02-17,1858.5620000000001,7.5280962551
2015-02-18,7123.381,8.8712781242
2015-02-19,5408.486,8.5959093581
2015-02-20,7950.327,8.9810941120
2015-02-21,7214.185,8.8839431119
2015-02-22,2932.0750000000003,7.9838066397
2015-02-23,6769.553,8.8203380465
2015-02-24,6157.185001,8.7255373704
2015-02-25,7147.01298,8.8745896922
2015-02-26,5764.931999,8.6597220847
2015-02-27,7717.962,8.9514351780
2015-02-28,6960.8,8.8481933406
2015-03-01,3324.632,8.1094150102
2015-03-02,6953.34,8.8471212041
2015-03-03,7073.354,8.8642314109
2015-03-04,7540.497,8.9281759824
2015-03-05,6554.471,8.7880552472
2015-03-06,7240.657999999999,8.8876054647
2015-03-07,7828.779001,8.9656895639
2015-03-08,2879.174995,7.9656063334
2015-03-09,8072.94,8.9963968701
2015-03-10,6833.652,8.8297608335
2015-03-11,7774.883,8.9587822997
2015-03-12,5766.168,8.6599364245
2015-03-13,8347.092,9.0297882887
2015-03-14,7518.053976,8.9251956080
2015-03-15,2918.190998,7.9790618014
2015-03-16,6853.39699,8.8326456217
2015-03-17,6218.916,8.7355116808
2015-03-18,6410.72501,8.7658836260
2015-03-19,6548.7370005,8.7871801752
2015-03-20,8245.05602,9.0174903068
2015-03-21,7184.04,8.8797563657
2015-03-22,2979.585,7.9998748690
2015-03-23,6491.462,8.7783970906
2015-03-24,6742.714,8.8163660907
2015-03-25,7049.156,8.8608050232
2015-03-26,5704.197,8.6491327928
2015-03-27,7472.078028,8.9190622452
2015-03-28,6809.218,8.8261794104
2015-03-29,2783.5039859999997,7.9318250345
2015-03-30,5858.376,8.6757983923
2015-03-31,6781.097,8.8220416251
2015-04-01,8213.818,9.0136948756
2015-04-02,7032.032,8.8583731863
2015-04-03,2728.186,7.9117586752
2015-04-04,5479.481,8.6089481498
2015-04-05,2643.16,7.8801087135
2015-04-06,7388.703,8.9078428237
2015-04-07,7083.305,8.8656370527
2015-04-08,7925.73098,8.9779959951
2015-04-09,6211.811996,8.7343688898
2015-04-10,7963.008,8.9826876697
2015-04-11,7054.226,8.8615238978
2015-04-12,2674.19298,7.8917767988
2015-04-13,6678.795,8.8068425774
2015-04-14,5800.545,8.6658795404
2015-04-15,6939.186,8.8450838543
2015-04-16,6435.694996,8.7697704880
2015-04-17,6961.3590300000005,8.8482736370
2015-04-18,7204.217,8.8825606260
2015-04-19,3230.33,8.0806490962
2015-04-20,6955.54,8.8474375033
2015-04-21,7215.342001,8.8841034554
2015-04-22,9754.941,9.1856317118
2015-04-23,6407.665,8.7654062599
2015-04-24,7730.524005,8.9530612767
2015-04-25,6822.64102,8.8281484823
2015-04-26,2857.678,7.9581145592
2015-04-27,6661.12702,8.8041940849
2015-04-28,5705.07101,8.6492859765
2015-04-29,6987.636,8.8520406803
2015-04-30,6794.165,8.8239666089
2015-05-01,2707.398,7.9041125952
2015-05-02,7231.594,8.8863530337
2015-05-03,2732.77,7.9134368879
2015-05-04,7291.053,8.8945404040
2015-05-05,7244.744,8.8881695410
2015-05-06,8395.354998,9.0355529618
2015-05-07,6711.381,8.8117090105
2015-05-08,8748.51098,9.0767530898
2015-05-09,8369.26198,9.0324404629
2015-05-10,2382.026,7.7761263877
2015-05-11,7290.303,8.8944375470
2015-05-12,7231.055981,8.8862786428
2015-05-13,8133.482,9.0038673421
2015-05-14,6096.641,8.7156572541
2015-05-15,7561.8679999999995,8.9310057623
2015-05-16,7289.329004,8.8943039548
2015-05-17,3015.681,8.0119124994
2015-05-18,7026.321,8.8575608311
2015-05-19,7511.659,8.9243447433
2015-05-20,8375.775,9.0332182745
2015-05-21,6775.157,8.8211654061
2015-05-22,8283.12998,9.0220969129
2015-05-23,7028.643,8.8578912012
2015-05-24,3314.924,8.1064915968
2015-05-25,7800.116,8.9620220794
2015-05-26,7897.662005,8.9744486577
2015-05-27,8700.202,9.0712164560
2015-05-28,7361.214,8.9041159817
2015-05-29,8799.685003999999,9.0825848388
2015-05-30,8802.474,9.0829016953
2015-05-31,3854.498,8.2572554605
2015-06-01,10818.649996,9.2891192040
2015-06-02,11220.017,9.3255438167
2015-06-03,15224.785004,9.6307456514
2015-06-04,9580.316,9.1675702311
2015-06-05,12002.99,9.3929943735
2015-06-06,10939.875,9.3002610545
2015-06-07,3906.407,8.2706292616
2015-06-08,11190.642976,9.3229226159
2015-06-09,9290.694,9.1368761618
2015-06-10,12264.93802,9.4145814332
2015-06-11,9291.9571,9.1370120912
2015-06-12,10896.572,9.2962952911
2015-06-13,10652.519,9.2736455391
2015-06-14,5093.6009995,8.5359366304
2015-06-15,10368.812,9.2466541718
2015-06-16,10782.219,9.2857464084
2015-06-17,13632.878999999999,9.5203130770
2015-06-18,9501.738,9.1593352466
2015-06-19,11995.303,9.3923537980
2015-06-20,11892.822998,9.3837744685
2015-06-21,4066.430002,8.3107666298
2015-06-22,10925.374,9.2989347786
2015-06-23,10133.630000000001,9.2237135511
2015-06-24,12143.965001,9.4046699597
2015-06-25,9261.524999,9.1337319685
2015-06-26,10684.28,9.2766223724
2015-06-27,10663.54702,9.2746801565
2015-06-28,5360.274,8.5869569124
2015-06-29,10540.696,9.2630937200
2015-06-30,10627.11,9.2712576568
2015-07-01,14017.068,9.5481023480
2015-07-02,10896.185,9.2962597780
2015-07-03,14673.134,9.5938416310
2015-07-04,10654.451996,9.2738269647
2015-07-05,3709.089,8.2188111445
2015-07-06,7419.557102,8.9120094145
2015-07-07,0.0,0.0000000000
2015-07-08,13489.635,9.5097510200
2015-07-09,11945.477,9.3881917022
2015-07-10,11837.584,9.3791193067
2015-07-11,10827.921,9.2899757044
2015-07-12,4177.606,8.3377329771
2015-07-13,10697.79202,9.2778861187
2015-07-14,10799.032000000001,9.2873043761
2015-07-15,13195.295,9.4876913874
2015-07-16,9919.048,9.2023130390
2015-07-17,13125.63702,9.4823988050
2015-07-18,9208.722,9.1280149442
2015-07-19,3800.270999,8.2430907632
2015-07-20,11011.89198,9.3068218637
2015-07-21,9104.631,9.1166482923
2015-07-22,11947.509,9.3883617797
2015-07-23,9161.459996,9.1228699801
2015-07-24,10920.393996,9.2984788965
2015-07-25,9325.047999999999,9.1405666243
2015-07-26,4316.108,8.3703410126
2015-07-27,10285.238025,9.2385621667
2015-07-28,10234.318,9.2335995675
2015-07-29,11816.024,9.3772964826
2015-07-30,8889.634,9.0927536421
2015-07-31,11201.103,9.3238568075
2015-08-01,10732.418,9.2811173310
2015-08-02,4353.509001,8.3789671392
2015-08-03,11232.437,9.3266500561
2015-08-04,11271.805,9.3301484669
2015-08-05,13591.66798,9.5172858072
2015-08-06,9605.14298,9.1701580666
2015-08-07,11324.413002,9.3348044179
2015-08-08,7799.07799,8.9618890113
2015-08-09,3415.9280005,8.1364971809
2015-08-10,3297.028,8.1010799931
2015-08-11,10789.077001,9.2863821946
2015-08-12,12936.002,9.4678468565
2015-08-13,8779.985,9.0803438671
2015-08-14,13938.9,9.5425105107
2015-08-15,12373.519,9.4233947180
2015-08-16,3926.107,8.2756583015
2015-08-17,10466.366,9.2560176963
2015-08-18,9904.44302,9.2008396850
2015-08-19,11504.925,9.3506173991
2015-08-20,9398.781004,9.1484416705
2015-08-21,11087.339,9.3136492946
2015-08-22,9964.302001,9.2068645384
2015-08-23,3763.293008,8.2333153425
2015-08-24,10101.542019999999,9.2205423563
2015-08-25,9781.127996000001,9.1883123259
2015-08-26,12433.10302,9.4281982201
2015-08-27,9429.452,9.1516993066
2015-08-28,10835.361,9.2906625175
2015-08-29,10441.452979,9.2536347935
2015-08-30,4213.56,8.3463004759
2015-08-31,10322.236,9.2421525558
2015-09-01,10823.671999999999,9.2895832522
2015-09-02,14177.1541,9.5594576153
2015-09-03,11522.89,9.3521775509
2015-09-04,12174.21304,9.4071574459
2015-09-05,11078.508996,9.3128526449
2015-09-06,4625.906988,8.4396438867
2015-09-07,10480.783001,9.2573940771
2015-09-08,10211.097996,9.2313283745
2015-09-09,13040.415,9.4758853419
2015-09-10,8941.558,9.0985769570
2015-09-11,11486.983,9.3490568115
2015-09-12,11174.742,9.3215008155
2015-09-13,4580.307,8.4297396076
2015-09-14,11033.97902,9.3088254175
2015-09-15,9584.504005,9.1680072368
2015-09-16,13039.082,9.4757831238
2015-09-17,9516.80601,9.1609196401
2015-09-18,11796.214,9.3756186809
2015-09-19,11620.016,9.3605704620
2015-09-20,4794.836998,8.4755035285
2015-09-21,10235.09098,9.2336750855
2015-09-22,10459.358998,9.2553480581
2015-09-23,12247.307996,9.4131430837
2015-09-24,9829.34,9.1932288005
2015-09-25,11487.514000000001,9.3491030326
2015-09-26,11807.678,9.3765899639
2015-09-27,5477.675,8.6086185624
2015-09-28,10526.361001,9.2617329565
2015-09-29,9930.759,9.2034928813
2015-09-30,13924.853,9.5415023197
2015-10-01,10349.178,9.2447589966
2015-10-02,12496.113,9.4332529366
2015-10-03,13521.371998,9.5121007778
2015-10-04,5665.602001,8.6423449227
2015-10-05,12970.47302,9.4705078422
2015-10-06,10625.603004999999,9.2711158535
2015-10-07,12806.892,9.4578168224
2015-10-08,10490.668,9.2583366973
2015-10-09,5316.309,8.5787226273
2015-10-10,8891.894,9.0930078098
2015-10-11,4047.962,8.3062158310
2015-10-12,10893.578,9.2960205133
2015-10-13,9934.782,9.2038978635
2015-10-14,12616.05704,9.4428049108
2015-10-15,9524.846996,9.1617641195
2015-10-16,13036.786,9.4756070358
2015-10-17,12073.70598,9.3988681287
2015-10-18,6190.317,8.7309031056
2015-10-19,11361.91298,9.3381100837
2015-10-20,10732.539896,9.2811286876
2015-10-21,11876.420004,9.3823943980
2015-10-22,9146.047,9.1211863739
2015-10-23,11912.931004,9.3854636670
2015-10-24,10840.862995,9.2911701232
2015-10-25,5281.570998,8.5721681896
2015-10-26,10506.740004,9.2598674078
2015-10-27,10108.646999999999,9.2212453955
2015-10-28,12580.23802,9.4399619372
2015-10-29,9171.836,9.1240017868
2015-10-30,10831.515,9.2903075383
2015-10-31,8829.708,9.0859904716
2015-11-01,2994.41,8.0048363960
2015-11-02,3036.4749995,8.0187818570
2015-11-03,4814.29999,8.4795536255
2015-11-04,14878.463,9.6077372190
2015-11-05,10880.690999999999,9.2948369311
2015-11-06,11690.851,9.3666473824
2015-11-07,11374.563,9.3392227371
2015-11-08,5886.876,8.6806506004
2015-11-09,10443.728000000001,9.2538526325
2015-11-10,9714.440999999999,9.1814717545
2015-11-11,13168.33,9.4856459202
2015-11-12,9525.952,9.1618801134
2015-11-13,11240.863996,9.3273999456
2015-11-14,10718.807995000001,9.2798485236
2015-11-15,5303.268,8.5762670585
2015-11-16,10977.735999999999,9.3037155900
2015-11-17,9994.93801,9.2099340905
2015-11-18,12271.98,9.4151553770
2015-11-19,10322.622995,9.2421900428
2015-11-20,12022.107,9.3945856605
2015-11-21,10760.010994,9.2836847879
2015-11-22,5430.128998,8.5999023099
2015-11-23,11290.93498,9.3318440313
2015-11-24,10622.567000000001,9.2708301141
2015-11-25,12388.645,9.4246163221
2015-11-26,9986.053,9.2090448331
2015-11-27,11484.111,9.3488067799
2015-11-28,10330.686,9.2429707627
2015-11-29,4798.263001,8.4762176436
2015-11-30,12012.977,9.3938260010
2015-12-01,12664.0,9.4465975624
2015-12-02,13733.519004,9.5276675782
2015-12-03,11284.07899,9.3312366888
2015-12-04,12985.974,9.4717021341
2015-12-05,11084.104000000001,9.3133575041
2015-12-06,5145.028,8.5459804339
2015-12-07,12532.267,9.4361417481
2015-12-08,10711.84701,9.2791989554
2015-12-09,14404.59802,9.5753721614
2015-12-10,11815.342,9.3772387676
2015-12-11,11765.727979,9.3730311649
2015-12-12,10731.189,9.2810028223
2015-12-13,5255.996,8.5673150399
2015-12-14,11772.483,9.3736050783
2015-12-15,16521.089016,9.7124534928
2015-12-16,15815.478000000001,9.6688075870
2015-12-17,12218.27397,9.4107698177
2015-12-18,14401.484,9.5751559707
2015-12-19,13374.578,9.5011857858
2015-12-20,6992.16301,8.8526882379
2015-12-21,14565.814,9.5865012068
2015-12-22,14846.071005000002,9.6055578861
2015-12-23,16290.52,9.6984000060
2015-12-24,13042.847,9.4760718073
2015-12-25,0.0,0.0000000000
2015-12-26,8012.843,8.9889257003
2015-12-27,3182.498,8.0657358712
2015-12-28,9120.024,9.1183373575
2015-12-29,9893.204,9.1997044101
2015-12-30,14354.578,9.5718938565
2015-12-31,10587.376,9.2675120746
2016-01-01,0.0,0.0000000000
2016-01-02,8877.175,9.0913512968
2016-01-03,5119.277,8.5409638181
2016-01-04,14619.33902,9.5901689218
2016-01-05,12060.107,9.3977412571
2016-01-06,15928.654,9.6759376826
2016-01-07,10556.557,9.2645971858
2016-01-08,12306.13303,9.4179342944
2016-01-09,11423.130996,9.3434831513
2016-01-10,4931.47,8.5035951558
2016-01-11,10816.629981,9.2889324878
2016-01-12,11643.1551,9.3625596249
2016-01-13,12719.306999999999,9.4509549718
2016-01-14,11683.193,9.3659921817
2016-01-15,10941.234024,9.3003852621
2016-01-16,11929.99702,9.3868950841
2016-01-17,5321.608001,8.5797186880
2016-01-18,11606.992003,9.3594491056
2016-01-19,10171.57902,9.2274510478
2016-01-20,13638.985,9.5207608317
2016-01-21,8854.23402,9.0887639779
2016-01-22,12126.907,9.4032644396
2016-01-23,10662.263995,9.2745598418
2016-01-24,4763.883998,8.4690284712
2016-01-25,10930.072001,9.2993646551
2016-01-26,10015.910995,9.2120300432
2016-01-27,12924.733999999999,9.4669754869
2016-01-28,9381.658,9.1466183707
2016-01-29,11233.454,9.3267405853
2016-01-30,11390.704,9.3406406502
2016-01-31,5120.153,8.5411348880
2016-02-01,11688.280001000001,9.3664274616
2016-02-02,10655.793,9.2739528082
2016-02-03,14724.247,9.5973187826
2016-02-04,10220.617,9.2322600704
2016-02-05,11216.751975,9.3252528003
2016-02-06,10244.838,9.2346268533
2016-02-07,2876.325,7.9646163221
2016-02-08,3072.805996,8.0306718109
2016-02-09,4195.352001,8.3419708557
2016-02-10,13452.689,9.5070086225
2016-02-11,10812.941004,9.2885914144
2016-02-12,12557.833,9.4381795217
2016-02-13,11195.6099,9.3233663240
2016-02-14,4687.693997,8.4529093572
2016-02-15,10982.73802,9.3041710961
2016-02-16,11976.383,9.3907754004
2016-02-17,13849.123,9.5360493924
2016-02-18,9562.982,9.1657594465
2016-02-19,12247.982,9.4131981105
2016-02-20,12201.807999999999,9.4094213682
2016-02-21,5360.734998,8.5870428953
2016-02-22,10921.543,9.2985840976
2016-02-23,10211.301000000001,9.2313482531
2016-02-24,12944.691,9.4685182704
2016-02-25,8975.213,9.1023333574
2016-02-26,11287.46,9.3315362439
2016-02-27,11155.342,9.3197634044
2016-02-28,4391.388,8.3876283217
2016-02-29,10864.044,9.2933059424
2016-03-01,11442.525,9.3451793468
2016-03-02,14227.7637,9.5630208075
2016-03-03,9907.659,9.2011643003
2016-03-04,13024.52608,9.4746662558
2016-03-05,12215.609999999999,9.4105517802
2016-03-06,5326.90499,8.5807133799
2016-03-07,10398.266999,9.2494906018
2016-03-08,9925.632,9.2029765253
2016-03-09,13101.241,9.4805385633
2016-03-10,9478.16,9.1568509837
2016-03-11,11767.093,9.3731471650
2016-03-12,11222.854,9.3257966139
2016-03-13,4875.2819995,8.4921383231
2016-03-14,10366.963,9.2464758499
2016-03-15,10418.358004,9.2514207015
2016-03-16,13500.63398,9.5105659927
2016-03-17,9876.26,9.1979904243
2016-03-18,11310.90203,9.3336107274
2016-03-19,11322.238,9.3346123533
2016-03-20,5254.490998,8.5670287134
2016-03-21,10265.368999999999,9.2366286864
2016-03-22,9954.13,9.2058432752
2016-03-23,12646.128,9.4451854328
2016-03-24,12450.442998,9.4295917986
2016-03-25,4112.867,8.3221187411
2016-03-26,7583.2570000000005,8.9338299305
2016-03-27,4301.589,8.3669722135
2016-03-28,10090.241,9.2194230988
2016-03-29,11029.38,9.3084085632
2016-03-30,12195.649,9.4089165209
2016-03-31,10097.373,9.2201296007
2016-04-01,13478.62,9.5089341942
2016-04-02,12069.150979,9.3984908226
2016-04-03,5694.664004,8.6474604633
2016-04-04,11356.597021,9.3376421401
2016-04-05,10535.975,9.2626457790
2016-04-06,13216.21302,9.4892752757
2016-04-07,10163.651,9.2266713920
2016-04-08,11363.352,9.3382367175
2016-04-09,10749.706,9.2827267058
2016-04-10,5046.561004,8.5266604361
2016-04-11,10336.687001,9.2435514287
2016-04-12,9775.691,9.1877563622
2016-04-13,12728.69002,9.4516923409
2016-04-14,9432.008,9.1519703067
2016-04-15,11725.045,9.3695677151
2016-04-16,10527.32201,9.2618242392
2016-04-17,7741.658,8.9545003185
2016-04-18,21788.9,9.9892018387
2016-04-19,20811.844,9.9433255751
2016-04-20,18575.06,9.8296289339
2016-04-21,13637.779,9.5206724113
2016-04-22,15088.342999999999,9.6217440120
2016-04-23,11701.438,9.3675524751
2016-04-24,5721.287,8.6521238296
2016-04-25,9837.596,9.1940682969
2016-04-26,10411.154,9.2507290566
2016-04-27,12491.929001,9.4329180833
2016-04-28,10710.40198,9.2790640587
2016-04-29,12093.106999,9.4004735881
2016-04-30,11891.135,9.3836325362
2016-05-01,5748.366,8.6568448668
2016-05-02,11469.481,9.3475321447
2016-05-03,10635.6581,9.2720616252
2016-05-04,14285.435,9.5670657646
2016-05-05,10964.97,9.3025521202
2016-05-06,13110.13,9.4812167668
2016-05-07,12851.412,9.4612867770
2016-05-08,4239.267,8.3523815179
2016-05-09,11749.036996,9.3716116682
2016-05-10,9276.519,9.1353494409
2016-05-11,13033.325999,9.4753416180
2016-05-12,9427.574999,9.1515002506
2016-05-13,11462.110995000001,9.3468894190
2016-05-14,11160.271999999999,9.3202052079
2016-05-15,5386.157,8.5917730665
2016-05-16,12300.916004,9.4175103019
2016-05-17,10884.85,9.2952190597
2016-05-18,12762.789,9.4543674564
2016-05-19,9360.158,9.1443242798
2016-05-20,12091.8381,9.4003686638
2016-05-21,11420.773000000001,9.3432767251
2016-05-22,4919.231,8.5011107596
2016-05-23,10053.379,9.2157635400
2016-05-24,9161.781,9.1229050142
2016-05-25,12181.12301,9.4077248290
2016-05-26,10560.148000000001,9.2649372635
2016-05-27,5733.468,8.6542502615
2016-05-28,8369.976998,9.0325258828
2016-05-29,4427.090002,8.3957236193
2016-05-30,10979.74,9.3038981081
2016-05-31,12266.418001,9.4147020837
2016-06-01,14458.383001,9.5790988254
2016-06-02,9705.669,9.1805684540
2016-06-03,13409.14998,9.5037671604
2016-06-04,11465.810000000001,9.3472120546
2016-06-05,4929.354,8.5031660697
2016-06-06,11100.488,9.3148344324
2016-06-07,10283.342999999999,9.2383779206
2016-06-08,13536.554,9.5132228802
2016-06-09,8121.008,9.0023326932
2016-06-10,12087.85497,9.4000392303
2016-06-11,10788.66,9.2863435471
2016-06-12,4864.933003,8.4900137549
2016-06-13,10556.533,9.2645949125
2016-06-14,9464.089,9.1553654667
2016-06-15,13223.444994,9.4898222894
2016-06-16,9832.851,9.1935858963
2016-06-17,11649.69499,9.3631211130
2016-06-18,11453.529,9.3461404766
2016-06-19,4765.486004,8.4693646256
2016-06-20,10805.30802,9.2878853185
2016-06-21,9622.353,9.1719480276
2016-06-22,13056.30502,9.4771030278
2016-06-23,9335.041000000001,9.1416375656
2016-06-24,10689.319001,9.2770938446
2016-06-25,10858.349,9.2927816469
2016-06-26,5208.754,8.5582879167
2016-06-27,10682.921996,9.2764952732
2016-06-28,10853.039999999999,9.2922926399
2016-06-29,11766.3019,9.3730799386
2016-06-30,9096.679,9.1157746050
2016-07-01,13323.116,9.4973309054
2016-07-02,11189.01,9.3227766950
2016-07-03,5190.026001,8.5546866447
2016-07-04,11803.014,9.3761949221
2016-07-05,10130.962,9.2234502606
2016-07-06,13442.464001,9.5062483190
2016-07-07,9581.654,9.1677098681
2016-07-08,12255.994996,9.4138520731
2016-07-09,10081.31,9.2185376820
2016-07-10,4455.012,8.4020094746
2016-07-11,9984.0429995,9.2088435523
2016-07-12,9085.744999999999,9.1145720372
2016-07-13,13147.682,9.4840768044
2016-07-14,9209.611,9.1281114680
2016-07-15,12075.518,9.3990181849
2016-07-16,11613.16,9.3599803223
2016-07-17,4815.242,8.4797492349
2016-07-18,10712.03,9.2792160366
2016-07-19,9928.27,9.2032422397
2016-07-20,12154.349001,9.4055245989
2016-07-21,9637.363001,9.1735065600
2016-07-22,11491.652002,9.3494631538
2016-07-23,10016.80702,9.2121194904
2016-07-24,4713.034004,8.4582992969
2016-07-25,9436.257020000001,9.1524206470
2016-07-26,9554.54602,9.1648770000
2016-07-27,12775.538004,9.4553657995
2016-07-28,9542.752,9.1636419785
2016-07-29,9758.121998,9.1859577161
2016-07-30,11566.888,9.3559882625
2016-07-31,4311.997,8.3693883011
2016-08-01,12144.727,9.4047326997
2016-08-02,9494.01,9.1585216764
2016-08-03,13925.177,9.5415255855
2016-08-04,9420.414,9.1507404625
2016-08-05,12272.125,9.4151671915
2016-08-06,10434.342979000001,9.2529536871
2016-08-07,4169.782,8.3358588272
2016-08-08,10804.048,9.2877687113
2016-08-09,10174.669999,9.2277548557
2016-08-10,11856.648000000001,9.3807283392
2016-08-11,10465.866,9.2559699276
2016-08-12,5260.085,8.5680925582
2016-08-13,7312.6810000000005,8.8975019828
2016-08-14,3548.144,8.1744617266
2016-08-15,11907.947996,9.3850453290
2016-08-16,9939.011,9.2043234063
2016-08-17,12498.141,9.4334152009
2016-08-18,8957.776995,9.1003890006
2016-08-19,10769.785004,9.2845926555
2016-08-20,10097.733,9.2201652494
2016-08-21,4166.414,8.3350509785
2016-08-22,10244.09699,9.2345545277
2016-08-23,9993.56,9.2097962240
2016-08-24,12837.78,9.4602255572
2016-08-25,8691.55101,9.0702217321
2016-08-26,10805.095,9.2878656058
2016-08-27,9745.501,9.1846636278
2016-08-28,4595.423,8.4330336713
2016-08-29,9710.813,9.1810982586
2016-08-30,9319.313,9.1399514908
2016-08-31,12753.023,9.4536020302
2016-09-01,11201.878996,9.3239260775
2016-09-02,11980.501,9.3911191560
2016-09-03,10913.0429,9.2978055785
2016-09-04,5041.814,8.5257195386
2016-09-05,10881.009,9.2948661541
2016-09-06,11120.047,9.3165947180
2016-09-07,12384.205,9.4242578941
2016-09-08,9683.909,9.1783241798
2016-09-09,11860.668,9.3810673035
2016-09-10,10815.429,9.2888214610
2016-09-11,4392.577001,8.3878989809
2016-09-12,11500.15,9.3502023094
2016-09-13,9904.759,9.2008715842
2016-09-14,12078.072,9.3992296473
2016-09-15,9122.126,9.1185677875
2016-09-16,11882.457,9.3829025439
2016-09-17,11323.476,9.3347216800
2016-09-18,5216.363998,8.5597475721
2016-09-19,10883.877,9.2951296737
2016-09-20,10206.429,9.2308710675
2016-09-21,12363.738,9.4226039909
2016-09-22,9432.738,9.1520476916
2016-09-23,10815.502,9.2888282099
2016-09-24,10609.752,9.2696231056
2016-09-25,4849.326999,8.4868014041
2016-09-26,9527.791,9.1620731261
2016-09-27,9061.425,9.1118920233
2016-09-28,12834.586,9.4599767487
2016-09-29,8301.976996,9.0243694037
2016-09-30,10821.204999,9.2893553208
2016-10-01,13471.048,9.5083722994
2016-10-02,5984.562,8.6971055150
2016-10-03,12352.342,9.4216819127
2016-10-04,11219.523,9.3254997912
2016-10-05,14663.82,9.5932067072
2016-10-06,10373.368,9.2470934276
2016-10-07,11417.002999999999,9.3429465993
2016-10-08,11489.716,9.3492946840
2016-10-09,5817.9179970000005,8.6688696123
2016-10-10,11018.039999999999,9.3073799646
2016-10-11,9537.574,9.1630992774
2016-10-12,13642.59002,9.5210250947
2016-10-13,8896.14,9.0934851558
2016-10-14,12179.376,9.4075814111
2016-10-15,11255.32,9.3286850277
2016-10-16,6231.972003,8.7376085451
2016-10-17,11523.686,9.3522466224
2016-10-18,10030.230000000001,9.2134585055
2016-10-19,13910.232,9.5404518504
2016-10-20,9996.057024,9.2100460311
2016-10-21,11863.349,9.3812933001
2016-10-22,11588.332993,9.3578403845
2016-10-23,5474.39801,8.6080202479
2016-10-24,9700.549002,9.1800408427
2016-10-25,10842.730996,9.2913424036
2016-10-26,12265.287004,9.4146098842
2016-10-27,10419.896999999999,9.2515683961
2016-10-28,12202.652,9.4094905302
2016-10-29,10820.421001,9.2892828747
2016-10-30,5327.120001,8.5807537347
2016-10-31,8670.588,9.0678072133
2016-11-01,13544.815999999999,9.5138329963
2016-11-02,4795.6849999999995,8.4756803333
2016-11-03,4060.610998,8.3093349714
2016-11-04,7825.10398,8.9652200892
2016-11-05,7759.131002,8.9567544947
2016-11-06,5002.124,8.5178177963
2016-11-07,11862.516,9.3812230873
2016-11-08,11983.032996,9.3913304591
2016-11-09,18148.644,9.8064062252
2016-11-10,10272.176,9.2372915054
2016-11-11,11401.809,9.3416150075
2016-11-12,11313.099,9.3338049261
2016-11-13,5858.185005,8.6757657953
2016-11-14,11653.468,9.3634449048
2016-11-15,10954.451,9.3015924196
2016-11-16,14448.00501,9.5783808337
2016-11-17,10255.081,9.2356260769
2016-11-18,12403.905999999999,9.4258473185
2016-11-19,11965.2,9.3898412878
2016-11-20,5618.854002,8.6340609643
2016-11-21,12567.545,9.4389525431
2016-11-22,10341.23898,9.2439916604
2016-11-23,14044.713,9.5500725036
2016-11-24,9578.2620005,9.1673558326
2016-11-25,12120.162,9.4027081296
2016-11-26,10752.353,9.2829728919
2016-11-27,4871.082,8.4912766401
2016-11-28,11982.59,9.3912934929
2016-11-29,10437.893,9.2532938213
2016-11-30,14347.259,9.5713838898
2016-12-01,11421.137991,9.3433086803
2016-12-02,15683.887,9.6604529163
2016-12-03,11322.29602,9.3346174772
2016-12-04,6015.824004,8.7023148250
2016-12-05,10911.071,9.2976248867
2016-12-06,4684.176,8.4521587607
2016-12-07,15846.475,9.6707654606
2016-12-08,11358.607,9.3378190966
2016-12-09,14351.003,9.5716447933
2016-12-10,11562.999,9.3556520167
2016-12-11,5606.629003,8.6318832716
2016-12-12,11609.916,9.3597009691
2016-12-13,14288.602001,9.5672874190
2016-12-14,15157.958,9.6263469233
2016-12-15,12080.256010000001,9.3994104404
2016-12-16,13946.75797,9.5430740553
2016-12-17,13100.65,9.4804934555
2016-12-18,7932.707999,8.9788757966
2016-12-19,14722.579,9.5972055013
2016-12-20,14684.381,9.5946077881
2016-12-21,17926.17498,9.7940729959
2016-12-22,15938.702,9.6765682571
2016-12-23,18554.34204,9.8285130072
2016-12-24,12963.608,9.4699784623
2016-12-25,0.0,0.0000000000
2016-12-26,3715.753,8.2206057166
2016-12-27,12157.823,9.4058103581
2016-12-28,12144.918,9.4047484252
2016-12-29,10244.317014,9.2345760035
2016-12-30,13584.621000000001,9.5167672330
2016-12-31,10741.06,9.2819221560
2017-01-01,0.0,0.0000000000
2017-01-02,5624.0259,8.6349808315
2017-01-03,14932.341,9.6113516431
2017-01-04,16356.818000000001,9.7024612272
2017-01-05,12789.186004,9.4564334374
2017-01-06,13364.828,9.5004565795
2017-01-07,11773.944,9.3737291630
2017-01-08,6144.0070000000005,8.7233951611
2017-01-09,14312.390995,9.5689508113
2017-01-10,12060.286,9.3977560981
2017-01-11,14150.699,9.5575899665
2017-01-12,10831.247,9.2902827977
2017-01-13,13469.946,9.5082904971
2017-01-14,12338.469000000001,9.4205582657
2017-01-15,5986.059987000001,8.6973557504
2017-01-16,11797.987,9.3757689593
2017-01-17,12942.477,9.4683472337
2017-01-18,14276.43672,9.5664357184
2017-01-19,10505.899996,9.2597874628
2017-01-20,10766.622,9.2842989473
2017-01-21,13271.161,9.4934239626
2017-01-22,5245.27,8.5652726269
2017-01-23,12973.752004,9.4707605945
2017-01-24,11331.452,9.3354257472
2017-01-25,13740.706,9.5281907211
2017-01-26,10407.096,9.2503392438
2017-01-27,12294.118999999999,9.4169576333
2017-01-28,11856.994,9.3807575183
2017-01-29,5238.817,8.5640418530
2017-01-30,10890.876,9.2957724692
2017-01-31,10125.046,9.2228661953
2017-02-01,14961.579999,9.6133076965
2017-02-02,11341.542995,9.3363158021
2017-02-03,12461.34899,9.4304672970
2017-02-04,12703.63,9.4497217729
2017-02-05,5266.359,8.5692843774
2017-02-06,10858.515,9.2927969332
2017-02-07,11408.945,9.3422406225
2017-02-08,13686.225,9.5242181950
2017-02-09,10527.45001,9.2618363968
2017-02-10,12853.598,9.4614568473
2017-02-11,12587.978,9.4405769482
2017-02-12,5495.094,8.6117929371
2017-02-13,12579.33799,9.4398903971
2017-02-14,10865.672,9.2934557695
2017-02-15,13083.796,9.4792062245
2017-02-16,10306.516,9.2406286168
2017-02-17,12547.40704,9.4373490074
2017-02-18,13379.741,9.5015717133
2017-02-19,4761.3819975,8.4685032417
2017-02-20,11006.965,9.3063743807
2017-02-21,11075.815,9.3126094641
2017-02-22,12969.76802,9.4704534907
2017-02-23,10394.717996,9.2491492692
2017-02-24,12310.243,9.4182681889
2017-02-25,10516.325,9.2607791764
2017-02-26,3475.025999,8.1536449659
2017-02-27,2951.041,7.9902520745
2017-02-28,5553.757,8.6224099567
2017-03-01,16819.463,9.7303514599
2017-03-02,12781.885,9.4558624458
2017-03-03,13219.127,9.4894957200
2017-03-04,12086.526,9.3999292907
2017-03-05,5156.634,8.5482332262
2017-03-06,10819.112,9.2891619035
2017-03-07,14300.59,9.5681259989
2017-03-08,13247.726,9.4916566758
2017-03-09,10605.342999999999,9.2692074974
2017-03-10,12329.87103,9.4198612368
2017-03-11,11997.510004,9.3925377547
2017-03-12,5897.179,8.6823989382
2017-03-13,11353.198,9.3373428224
2017-03-14,10622.636,9.2708366091
2017-03-15,14398.525020000001,9.5749505003
2017-03-16,10642.391,9.2726944151
2017-03-17,15182.124,9.6279398269
2017-03-18,11699.793004,9.3674118966
2017-03-19,5631.1179999999995,8.6362408493
2017-03-20,11953.704,9.3888801201
2017-03-21,12336.948,9.4204349951
2017-03-22,14122.550000000001,9.5555988959
2017-03-23,10741.143,9.2819298826
2017-03-24,13505.038,9.5108921237
2017-03-25,11667.069000000001,9.3646112446
2017-03-26,5306.7369,8.5769208275
2017-03-27,11811.434000000001,9.3769079845
2017-03-28,10759.35598,9.2836239168
2017-03-29,14369.385,9.5729247706
2017-03-30,10265.408,9.2366324852
2017-03-31,13320.378975,9.4971254654
